DAY,TIME_INTERVAL,TOTAL
2013-06-27,0:00,29
2013-06-27,10:00,4
2013-06-27,11:00,5
2013-06-27,12:00,6
2013-06-27,13:00,5
2013-06-27,14:00,6
2013-06-27,15:00,8
2013-06-27,16:00,6
2013-06-27,17:00,4
2013-06-27,18:00,8
2013-06-27,19:00,13
2013-06-27,1:00,36
2013-06-27,20:00,13
2013-06-27,21:00,8
2013-06-27,22:00,12
2013-06-27,23:00,2
2013-06-28,0:00,304
2013-06-28,10:00,23
2013-06-28,11:00,36
2013-06-28,12:00,53
2013-06-28,13:00,62
2013-06-28,14:00,43
2013-06-28,15:00,37
2013-06-28,16:00,40
2013-06-28,17:00,55
2013-06-28,18:00,40
2013-06-28,19:00,42
2013-06-28,1:00,88
2013-06-28,20:00,38
2013-06-28,21:00,19
2013-06-28,22:00,28
2013-06-28,23:00,5
2013-06-29,0:00,371
2013-06-29,10:00,23
2013-06-29,11:00,39
2013-06-29,12:00,51
2013-06-29,13:00,54
2013-06-29,14:00,63
2013-06-29,15:00,65
2013-06-29,16:00,77
2013-06-29,17:00,68
2013-06-29,18:00,77
2013-06-29,19:00,56
2013-06-29,1:00,99
2013-06-29,20:00,34
2013-06-29,21:00,35
2013-06-29,22:00,29
2013-06-29,23:00,4
2013-06-30,0:00,480
2013-06-30,10:00,47
2013-06-30,11:00,53
2013-06-30,12:00,88
2013-06-30,13:00,99
2013-06-30,14:00,99
2013-06-30,15:00,90
2013-06-30,16:00,94
2013-06-30,17:00,103
2013-06-30,18:00,60
2013-06-30,19:00,51
2013-06-30,1:00,111
2013-06-30,20:00,42
2013-06-30,21:00,46
2013-06-30,22:00,14
2013-06-30,23:00,3
2013-07-01,0:00,425
2013-07-01,10:00,53
2013-07-01,11:00,54
2013-07-01,12:00,100
2013-07-01,13:00,77
2013-07-01,14:00,55
2013-07-01,15:00,74
2013-07-01,16:00,84
2013-07-01,17:00,103
2013-07-01,18:00,91
2013-07-01,19:00,63
2013-07-01,1:00,115
2013-07-01,20:00,46
2013-07-01,21:00,55
2013-07-01,22:00,23
2013-07-01,23:00,9
2013-07-02,0:00,353
2013-07-02,10:00,53
2013-07-02,11:00,45
2013-07-02,12:00,39
2013-07-02,13:00,50
2013-07-02,14:00,43
2013-07-02,15:00,49
2013-07-02,16:00,74
2013-07-02,17:00,107
2013-07-02,18:00,58
2013-07-02,19:00,37
2013-07-02,1:00,79
2013-07-02,20:00,39
2013-07-02,21:00,21
2013-07-02,22:00,16
2013-07-02,23:00,4
2013-07-03,0:00,326
2013-07-03,10:00,50
2013-07-03,11:00,74
2013-07-03,12:00,54
2013-07-03,13:00,70
2013-07-03,14:00,77
2013-07-03,15:00,78
2013-07-03,16:00,71
2013-07-03,17:00,41
2013-07-03,18:00,51
2013-07-03,19:00,46
2013-07-03,1:00,92
2013-07-03,20:00,50
2013-07-03,21:00,32
2013-07-03,22:00,32
2013-07-03,23:00,16
2013-07-04,0:00,586
2013-07-04,10:00,88
2013-07-04,11:00,123
2013-07-04,12:00,146
2013-07-04,13:00,178
2013-07-04,14:00,184
2013-07-04,15:00,157
2013-07-04,16:00,132
2013-07-04,17:00,167
2013-07-04,18:00,128
2013-07-04,19:00,107
2013-07-04,1:00,272
2013-07-04,20:00,118
2013-07-04,21:00,63
2013-07-04,22:00,80
2013-07-04,23:00,21
2013-07-05,0:00,579
2013-07-05,10:00,70
2013-07-05,11:00,116
2013-07-05,12:00,152
2013-07-05,13:00,131
2013-07-05,14:00,124
2013-07-05,15:00,113
2013-07-05,16:00,118
2013-07-05,17:00,112
2013-07-05,18:00,111
2013-07-05,19:00,117
2013-07-05,1:00,205
2013-07-05,20:00,81
2013-07-05,21:00,80
2013-07-05,22:00,61
2013-07-05,23:00,22
2013-07-06,0:00,604
2013-07-06,10:00,100
2013-07-06,11:00,139
2013-07-06,12:00,143
2013-07-06,13:00,144
2013-07-06,14:00,150
2013-07-06,15:00,162
2013-07-06,16:00,124
2013-07-06,17:00,123
2013-07-06,18:00,99
2013-07-06,19:00,93
2013-07-06,1:00,224
2013-07-06,20:00,85
2013-07-06,21:00,78
2013-07-06,22:00,58
2013-07-06,23:00,21
2013-07-07,0:00,526
2013-07-07,10:00,80
2013-07-07,11:00,84
2013-07-07,12:00,111
2013-07-07,13:00,110
2013-07-07,14:00,120
2013-07-07,15:00,124
2013-07-07,16:00,111
2013-07-07,17:00,116
2013-07-07,18:00,102
2013-07-07,19:00,86
2013-07-07,1:00,174
2013-07-07,20:00,66
2013-07-07,21:00,55
2013-07-07,22:00,57
2013-07-07,23:00,15
2013-07-08,0:00,393
2013-07-08,10:00,10
2013-07-08,11:00,14
2013-07-08,12:00,34
2013-07-08,13:00,35
2013-07-08,14:00,47
2013-07-08,15:00,52
2013-07-08,16:00,79
2013-07-08,17:00,117
2013-07-08,18:00,86
2013-07-08,19:00,72
2013-07-08,1:00,100
2013-07-08,20:00,41
2013-07-08,21:00,37
2013-07-08,22:00,21
2013-07-08,23:00,3
2013-07-09,0:00,416
2013-07-09,10:00,54
2013-07-09,11:00,72
2013-07-09,12:00,71
2013-07-09,13:00,65
2013-07-09,14:00,73
2013-07-09,15:00,63
2013-07-09,16:00,80
2013-07-09,17:00,144
2013-07-09,18:00,107
2013-07-09,19:00,92
2013-07-09,1:00,185
2013-07-09,20:00,91
2013-07-09,21:00,64
2013-07-09,22:00,46
2013-07-09,23:00,19
2013-07-10,0:00,477
2013-07-10,10:00,47
2013-07-10,11:00,62
2013-07-10,12:00,77
2013-07-10,13:00,75
2013-07-10,14:00,71
2013-07-10,15:00,86
2013-07-10,16:00,99
2013-07-10,17:00,153
2013-07-10,18:00,119
2013-07-10,19:00,87
2013-07-10,1:00,218
2013-07-10,20:00,89
2013-07-10,21:00,65
2013-07-10,22:00,47
2013-07-10,23:00,10
2013-07-11,0:00,502
2013-07-11,10:00,59
2013-07-11,11:00,65
2013-07-11,12:00,85
2013-07-11,13:00,85
2013-07-11,14:00,105
2013-07-11,15:00,82
2013-07-11,16:00,113
2013-07-11,17:00,167
2013-07-11,18:00,122
2013-07-11,19:00,98
2013-07-11,1:00,228
2013-07-11,20:00,95
2013-07-11,21:00,67
2013-07-11,22:00,63
2013-07-11,23:00,8
2013-07-12,0:00,549
2013-07-12,10:00,74
2013-07-12,11:00,99
2013-07-12,12:00,137
2013-07-12,13:00,119
2013-07-12,14:00,129
2013-07-12,15:00,120
2013-07-12,16:00,161
2013-07-12,17:00,176
2013-07-12,18:00,142
2013-07-12,19:00,118
2013-07-12,1:00,228
2013-07-12,20:00,93
2013-07-12,21:00,66
2013-07-12,22:00,90
2013-07-12,23:00,17
2013-07-13,0:00,603
2013-07-13,10:00,104
2013-07-13,11:00,138
2013-07-13,12:00,150
2013-07-13,13:00,186
2013-07-13,14:00,210
2013-07-13,15:00,186
2013-07-13,16:00,175
2013-07-13,17:00,158
2013-07-13,18:00,135
2013-07-13,19:00,146
2013-07-13,1:00,244
2013-07-13,20:00,118
2013-07-13,21:00,86
2013-07-13,22:00,83
2013-07-13,23:00,27
2013-07-14,0:00,588
2013-07-14,10:00,84
2013-07-14,11:00,110
2013-07-14,12:00,131
2013-07-14,13:00,162
2013-07-14,14:00,157
2013-07-14,15:00,149
2013-07-14,16:00,184
2013-07-14,17:00,165
2013-07-14,18:00,164
2013-07-14,19:00,121
2013-07-14,1:00,266
2013-07-14,20:00,99
2013-07-14,21:00,82
2013-07-14,22:00,84
2013-07-14,23:00,12
2013-07-15,0:00,465
2013-07-15,10:00,57
2013-07-15,11:00,82
2013-07-15,12:00,77
2013-07-15,13:00,93
2013-07-15,14:00,67
2013-07-15,15:00,89
2013-07-15,16:00,102
2013-07-15,17:00,137
2013-07-15,18:00,107
2013-07-15,19:00,94
2013-07-15,1:00,156
2013-07-15,20:00,71
2013-07-15,21:00,45
2013-07-15,22:00,40
2013-07-15,23:00,9
2013-07-16,0:00,510
2013-07-16,10:00,67
2013-07-16,11:00,67
2013-07-16,12:00,90
2013-07-16,13:00,94
2013-07-16,14:00,90
2013-07-16,15:00,82
2013-07-16,16:00,108
2013-07-16,17:00,162
2013-07-16,18:00,143
2013-07-16,19:00,98
2013-07-16,1:00,223
2013-07-16,20:00,90
2013-07-16,21:00,73
2013-07-16,22:00,69
2013-07-16,23:00,23
2013-07-17,0:00,452
2013-07-17,10:00,59
2013-07-17,11:00,63
2013-07-17,12:00,71
2013-07-17,13:00,86
2013-07-17,14:00,68
2013-07-17,15:00,67
2013-07-17,16:00,100
2013-07-17,17:00,156
2013-07-17,18:00,110
2013-07-17,19:00,62
2013-07-17,1:00,214
2013-07-17,20:00,78
2013-07-17,21:00,60
2013-07-17,22:00,52
2013-07-17,23:00,9
2013-07-18,0:00,457
2013-07-18,10:00,49
2013-07-18,11:00,71
2013-07-18,12:00,69
2013-07-18,13:00,83
2013-07-18,14:00,70
2013-07-18,15:00,81
2013-07-18,16:00,103
2013-07-18,17:00,156
2013-07-18,18:00,120
2013-07-18,19:00,122
2013-07-18,1:00,200
2013-07-18,20:00,87
2013-07-18,21:00,80
2013-07-18,22:00,49
2013-07-18,23:00,19
2013-07-19,0:00,503
2013-07-19,10:00,61
2013-07-19,11:00,60
2013-07-19,12:00,97
2013-07-19,13:00,89
2013-07-19,14:00,89
2013-07-19,15:00,94
2013-07-19,16:00,122
2013-07-19,17:00,126
2013-07-19,18:00,94
2013-07-19,19:00,62
2013-07-19,1:00,161
2013-07-19,20:00,48
2013-07-19,21:00,54
2013-07-19,22:00,28
2013-07-19,23:00,7
2013-07-20,0:00,622
2013-07-20,10:00,114
2013-07-20,11:00,164
2013-07-20,12:00,146
2013-07-20,13:00,192
2013-07-20,14:00,192
2013-07-20,15:00,227
2013-07-20,16:00,169
2013-07-20,17:00,205
2013-07-20,18:00,161
2013-07-20,19:00,145
2013-07-20,1:00,206
2013-07-20,20:00,116
2013-07-20,21:00,70
2013-07-20,22:00,52
2013-07-20,23:00,23
2013-07-21,0:00,615
2013-07-21,10:00,71
2013-07-21,11:00,124
2013-07-21,12:00,160
2013-07-21,13:00,150
2013-07-21,14:00,169
2013-07-21,15:00,181
2013-07-21,16:00,186
2013-07-21,17:00,156
2013-07-21,18:00,138
2013-07-21,19:00,97
2013-07-21,1:00,150
2013-07-21,20:00,73
2013-07-21,21:00,29
2013-07-21,22:00,42
2013-07-21,23:00,8
2013-07-22,0:00,576
2013-07-22,10:00,83
2013-07-22,11:00,95
2013-07-22,12:00,143
2013-07-22,13:00,129
2013-07-22,14:00,118
2013-07-22,15:00,124
2013-07-22,16:00,139
2013-07-22,17:00,193
2013-07-22,18:00,169
2013-07-22,19:00,122
2013-07-22,1:00,198
2013-07-22,20:00,86
2013-07-22,21:00,68
2013-07-22,22:00,57
2013-07-22,23:00,21
2013-07-23,0:00,550
2013-07-23,10:00,71
2013-07-23,11:00,88
2013-07-23,12:00,118
2013-07-23,13:00,105
2013-07-23,14:00,104
2013-07-23,15:00,112
2013-07-23,16:00,143
2013-07-23,17:00,185
2013-07-23,18:00,146
2013-07-23,19:00,135
2013-07-23,1:00,209
2013-07-23,20:00,87
2013-07-23,21:00,78
2013-07-23,22:00,45
2013-07-23,23:00,16
2013-07-24,0:00,635
2013-07-24,10:00,82
2013-07-24,11:00,82
2013-07-24,12:00,112
2013-07-24,13:00,98
2013-07-24,14:00,100
2013-07-24,15:00,96
2013-07-24,16:00,141
2013-07-24,17:00,209
2013-07-24,18:00,165
2013-07-24,19:00,140
2013-07-24,1:00,236
2013-07-24,20:00,97
2013-07-24,21:00,78
2013-07-24,22:00,78
2013-07-24,23:00,15
2013-07-25,0:00,623
2013-07-25,10:00,72
2013-07-25,11:00,88
2013-07-25,12:00,108
2013-07-25,13:00,113
2013-07-25,14:00,125
2013-07-25,15:00,105
2013-07-25,16:00,152
2013-07-25,17:00,206
2013-07-25,18:00,140
2013-07-25,19:00,126
2013-07-25,1:00,253
2013-07-25,20:00,105
2013-07-25,21:00,67
2013-07-25,22:00,68
2013-07-25,23:00,7
2013-07-26,0:00,565
2013-07-26,10:00,77
2013-07-26,11:00,101
2013-07-26,12:00,132
2013-07-26,13:00,98
2013-07-26,14:00,98
2013-07-26,15:00,102
2013-07-26,16:00,115
2013-07-26,17:00,191
2013-07-26,18:00,137
2013-07-26,19:00,100
2013-07-26,1:00,201
2013-07-26,20:00,89
2013-07-26,21:00,70
2013-07-26,22:00,61
2013-07-26,23:00,29
2013-07-27,0:00,708
2013-07-27,10:00,91
2013-07-27,11:00,124
2013-07-27,12:00,165
2013-07-27,13:00,181
2013-07-27,14:00,192
2013-07-27,15:00,155
2013-07-27,16:00,158
2013-07-27,17:00,142
2013-07-27,18:00,129
2013-07-27,19:00,103
2013-07-27,1:00,284
2013-07-27,20:00,125
2013-07-27,21:00,76
2013-07-27,22:00,85
2013-07-27,23:00,14
2013-07-28,0:00,738
2013-07-28,10:00,71
2013-07-28,11:00,94
2013-07-28,12:00,126
2013-07-28,13:00,174
2013-07-28,14:00,182
2013-07-28,15:00,164
2013-07-28,16:00,168
2013-07-28,17:00,161
2013-07-28,18:00,164
2013-07-28,19:00,134
2013-07-28,1:00,264
2013-07-28,20:00,101
2013-07-28,21:00,81
2013-07-28,22:00,66
2013-07-28,23:00,8
2013-07-29,0:00,677
2013-07-29,10:00,81
2013-07-29,11:00,100
2013-07-29,12:00,130
2013-07-29,13:00,114
2013-07-29,14:00,106
2013-07-29,15:00,125
2013-07-29,16:00,152
2013-07-29,17:00,228
2013-07-29,18:00,196
2013-07-29,19:00,130
2013-07-29,1:00,232
2013-07-29,20:00,102
2013-07-29,21:00,76
2013-07-29,22:00,56
2013-07-29,23:00,13
2013-07-30,0:00,591
2013-07-30,10:00,72
2013-07-30,11:00,84
2013-07-30,12:00,102
2013-07-30,13:00,77
2013-07-30,14:00,80
2013-07-30,15:00,75
2013-07-30,16:00,128
2013-07-30,17:00,206
2013-07-30,18:00,145
2013-07-30,19:00,124
2013-07-30,1:00,185
2013-07-30,20:00,73
2013-07-30,21:00,64
2013-07-30,22:00,53
2013-07-30,23:00,10
2013-07-31,0:00,634
2013-07-31,10:00,55
2013-07-31,11:00,75
2013-07-31,12:00,110
2013-07-31,13:00,98
2013-07-31,14:00,72
2013-07-31,15:00,93
2013-07-31,16:00,147
2013-07-31,17:00,202
2013-07-31,18:00,149
2013-07-31,19:00,122
2013-07-31,1:00,158
2013-07-31,20:00,78
2013-07-31,21:00,30
2013-07-31,22:00,36
2013-07-31,23:00,9
2013-08-01,0:00,740
2013-08-01,10:00,108
2013-08-01,11:00,138
2013-08-01,12:00,160
2013-08-01,13:00,153
2013-08-01,14:00,143
2013-08-01,15:00,145
2013-08-01,16:00,218
2013-08-01,17:00,258
2013-08-01,18:00,210
2013-08-01,19:00,188
2013-08-01,1:00,327
2013-08-01,20:00,140
2013-08-01,21:00,134
2013-08-01,22:00,97
2013-08-01,23:00,31
2013-08-02,0:00,753
2013-08-02,10:00,114
2013-08-02,11:00,141
2013-08-02,12:00,185
2013-08-02,13:00,214
2013-08-02,14:00,159
2013-08-02,15:00,193
2013-08-02,16:00,211
2013-08-02,17:00,268
2013-08-02,18:00,184
2013-08-02,19:00,161
2013-08-02,1:00,406
2013-08-02,20:00,164
2013-08-02,21:00,135
2013-08-02,22:00,142
2013-08-02,23:00,44
2013-08-03,0:00,949
2013-08-03,10:00,174
2013-08-03,11:00,218
2013-08-03,12:00,262
2013-08-03,13:00,309
2013-08-03,14:00,286
2013-08-03,15:00,278
2013-08-03,16:00,268
2013-08-03,17:00,264
2013-08-03,18:00,300
2013-08-03,19:00,255
2013-08-03,1:00,547
2013-08-03,20:00,237
2013-08-03,21:00,181
2013-08-03,22:00,175
2013-08-03,23:00,39
2013-08-04,0:00,960
2013-08-04,10:00,161
2013-08-04,11:00,207
2013-08-04,12:00,216
2013-08-04,13:00,258
2013-08-04,14:00,312
2013-08-04,15:00,291
2013-08-04,16:00,274
2013-08-04,17:00,258
2013-08-04,18:00,189
2013-08-04,19:00,201
2013-08-04,1:00,424
2013-08-04,20:00,143
2013-08-04,21:00,127
2013-08-04,22:00,136
2013-08-04,23:00,11
2013-08-05,0:00,775
2013-08-05,10:00,93
2013-08-05,11:00,92
2013-08-05,12:00,140
2013-08-05,13:00,133
2013-08-05,14:00,126
2013-08-05,15:00,156
2013-08-05,16:00,221
2013-08-05,17:00,213
2013-08-05,18:00,186
2013-08-05,19:00,159
2013-08-05,1:00,269
2013-08-05,20:00,120
2013-08-05,21:00,102
2013-08-05,22:00,80
2013-08-05,23:00,12
2013-08-06,0:00,866
2013-08-06,10:00,107
2013-08-06,11:00,141
2013-08-06,12:00,197
2013-08-06,13:00,163
2013-08-06,14:00,155
2013-08-06,15:00,167
2013-08-06,16:00,222
2013-08-06,17:00,330
2013-08-06,18:00,252
2013-08-06,19:00,168
2013-08-06,1:00,348
2013-08-06,20:00,148
2013-08-06,21:00,109
2013-08-06,22:00,101
2013-08-06,23:00,27
2013-08-07,0:00,821
2013-08-07,10:00,86
2013-08-07,11:00,115
2013-08-07,12:00,75
2013-08-07,13:00,106
2013-08-07,14:00,97
2013-08-07,15:00,87
2013-08-07,16:00,152
2013-08-07,17:00,284
2013-08-07,18:00,207
2013-08-07,19:00,162
2013-08-07,1:00,311
2013-08-07,20:00,120
2013-08-07,21:00,82
2013-08-07,22:00,85
2013-08-07,23:00,7
2013-08-08,0:00,997
2013-08-08,10:00,95
2013-08-08,11:00,106
2013-08-08,12:00,173
2013-08-08,13:00,172
2013-08-08,14:00,173
2013-08-08,15:00,202
2013-08-08,16:00,224
2013-08-08,17:00,364
2013-08-08,18:00,282
2013-08-08,19:00,188
2013-08-08,1:00,377
2013-08-08,20:00,177
2013-08-08,21:00,108
2013-08-08,22:00,90
2013-08-08,23:00,14
2013-08-09,0:00,1022
2013-08-09,10:00,138
2013-08-09,11:00,173
2013-08-09,12:00,206
2013-08-09,13:00,240
2013-08-09,14:00,215
2013-08-09,15:00,218
2013-08-09,16:00,290
2013-08-09,17:00,353
2013-08-09,18:00,241
2013-08-09,19:00,198
2013-08-09,1:00,428
2013-08-09,20:00,166
2013-08-09,21:00,132
2013-08-09,22:00,118
2013-08-09,23:00,30
2013-08-10,0:00,1171
2013-08-10,10:00,258
2013-08-10,11:00,314
2013-08-10,12:00,360
2013-08-10,13:00,378
2013-08-10,14:00,395
2013-08-10,15:00,360
2013-08-10,16:00,420
2013-08-10,17:00,397
2013-08-10,18:00,356
2013-08-10,19:00,309
2013-08-10,1:00,523
2013-08-10,20:00,237
2013-08-10,21:00,203
2013-08-10,22:00,172
2013-08-10,23:00,73
2013-08-11,0:00,1113
2013-08-11,10:00,224
2013-08-11,11:00,291
2013-08-11,12:00,301
2013-08-11,13:00,317
2013-08-11,14:00,334
2013-08-11,15:00,281
2013-08-11,16:00,297
2013-08-11,17:00,278
2013-08-11,18:00,124
2013-08-11,19:00,124
2013-08-11,1:00,280
2013-08-11,20:00,120
2013-08-11,21:00,83
2013-08-11,22:00,72
2013-08-11,23:00,14
2013-08-12,0:00,944
2013-08-12,10:00,126
2013-08-12,11:00,165
2013-08-12,12:00,189
2013-08-12,13:00,197
2013-08-12,14:00,190
2013-08-12,15:00,127
2013-08-12,16:00,186
2013-08-12,17:00,183
2013-08-12,18:00,218
2013-08-12,19:00,181
2013-08-12,1:00,372
2013-08-12,20:00,129
2013-08-12,21:00,124
2013-08-12,22:00,98
2013-08-12,23:00,14
2013-08-13,0:00,1070
2013-08-13,10:00,91
2013-08-13,11:00,150
2013-08-13,12:00,168
2013-08-13,13:00,176
2013-08-13,14:00,188
2013-08-13,15:00,225
2013-08-13,16:00,250
2013-08-13,17:00,371
2013-08-13,18:00,274
2013-08-13,19:00,191
2013-08-13,1:00,364
2013-08-13,20:00,137
2013-08-13,21:00,99
2013-08-13,22:00,92
2013-08-13,23:00,7
2013-08-14,0:00,1086
2013-08-14,10:00,112
2013-08-14,11:00,139
2013-08-14,12:00,166
2013-08-14,13:00,180
2013-08-14,14:00,169
2013-08-14,15:00,214
2013-08-14,16:00,262
2013-08-14,17:00,383
2013-08-14,18:00,294
2013-08-14,19:00,188
2013-08-14,1:00,434
2013-08-14,20:00,180
2013-08-14,21:00,119
2013-08-14,22:00,122
2013-08-14,23:00,14
2013-08-15,0:00,1085
2013-08-15,10:00,108
2013-08-15,11:00,170
2013-08-15,12:00,207
2013-08-15,13:00,199
2013-08-15,14:00,195
2013-08-15,15:00,203
2013-08-15,16:00,242
2013-08-15,17:00,372
2013-08-15,18:00,310
2013-08-15,19:00,191
2013-08-15,1:00,425
2013-08-15,20:00,188
2013-08-15,21:00,118
2013-08-15,22:00,98
2013-08-15,23:00,17
2013-08-16,0:00,1209
2013-08-16,10:00,173
2013-08-16,11:00,224
2013-08-16,12:00,278
2013-08-16,13:00,277
2013-08-16,14:00,268
2013-08-16,15:00,309
2013-08-16,16:00,368
2013-08-16,17:00,405
2013-08-16,18:00,328
2013-08-16,19:00,295
2013-08-16,1:00,475
2013-08-16,20:00,201
2013-08-16,21:00,157
2013-08-16,22:00,158
2013-08-16,23:00,44
2013-08-17,0:00,1375
2013-08-17,10:00,315
2013-08-17,11:00,361
2013-08-17,12:00,440
2013-08-17,13:00,392
2013-08-17,14:00,460
2013-08-17,15:00,422
2013-08-17,16:00,440
2013-08-17,17:00,414
2013-08-17,18:00,433
2013-08-17,19:00,337
2013-08-17,1:00,583
2013-08-17,20:00,273
2013-08-17,21:00,236
2013-08-17,22:00,236
2013-08-17,23:00,91
2013-08-18,0:00,1298
2013-08-18,10:00,238
2013-08-18,11:00,327
2013-08-18,12:00,362
2013-08-18,13:00,357
2013-08-18,14:00,376
2013-08-18,15:00,412
2013-08-18,16:00,400
2013-08-18,17:00,371
2013-08-18,18:00,286
2013-08-18,19:00,241
2013-08-18,1:00,424
2013-08-18,20:00,155
2013-08-18,21:00,141
2013-08-18,22:00,110
2013-08-18,23:00,14
2013-08-19,0:00,1146
2013-08-19,10:00,138
2013-08-19,11:00,192
2013-08-19,12:00,231
2013-08-19,13:00,238
2013-08-19,14:00,221
2013-08-19,15:00,212
2013-08-19,16:00,306
2013-08-19,17:00,434
2013-08-19,18:00,340
2013-08-19,19:00,258
2013-08-19,1:00,455
2013-08-19,20:00,202
2013-08-19,21:00,129
2013-08-19,22:00,110
2013-08-19,23:00,21
2013-08-20,0:00,1170
2013-08-20,10:00,126
2013-08-20,11:00,176
2013-08-20,12:00,188
2013-08-20,13:00,182
2013-08-20,14:00,207
2013-08-20,15:00,202
2013-08-20,16:00,288
2013-08-20,17:00,441
2013-08-20,18:00,373
2013-08-20,19:00,325
2013-08-20,1:00,546
2013-08-20,20:00,230
2013-08-20,21:00,165
2013-08-20,22:00,151
2013-08-20,23:00,17
2013-08-21,0:00,1189
2013-08-21,10:00,157
2013-08-21,11:00,200
2013-08-21,12:00,239
2013-08-21,13:00,204
2013-08-21,14:00,199
2013-08-21,15:00,224
2013-08-21,16:00,314
2013-08-21,17:00,409
2013-08-21,18:00,328
2013-08-21,19:00,258
2013-08-21,1:00,517
2013-08-21,20:00,192
2013-08-21,21:00,162
2013-08-21,22:00,151
2013-08-21,23:00,27
2013-08-22,0:00,936
2013-08-22,10:00,136
2013-08-22,11:00,130
2013-08-22,12:00,85
2013-08-22,13:00,73
2013-08-22,14:00,90
2013-08-22,15:00,130
2013-08-22,16:00,204
2013-08-22,17:00,406
2013-08-22,18:00,285
2013-08-22,19:00,229
2013-08-22,1:00,454
2013-08-22,20:00,174
2013-08-22,21:00,150
2013-08-22,22:00,142
2013-08-22,23:00,26
2013-08-23,0:00,1297
2013-08-23,10:00,186
2013-08-23,11:00,279
2013-08-23,12:00,336
2013-08-23,13:00,330
2013-08-23,14:00,287
2013-08-23,15:00,380
2013-08-23,16:00,441
2013-08-23,17:00,491
2013-08-23,18:00,376
2013-08-23,19:00,297
2013-08-23,1:00,552
2013-08-23,20:00,227
2013-08-23,21:00,195
2013-08-23,22:00,168
2013-08-23,23:00,57
2013-08-24,0:00,1446
2013-08-24,10:00,286
2013-08-24,11:00,410
2013-08-24,12:00,478
2013-08-24,13:00,493
2013-08-24,14:00,527
2013-08-24,15:00,502
2013-08-24,16:00,519
2013-08-24,17:00,502
2013-08-24,18:00,451
2013-08-24,19:00,401
2013-08-24,1:00,650
2013-08-24,20:00,244
2013-08-24,21:00,223
2013-08-24,22:00,214
2013-08-24,23:00,54
2013-08-25,0:00,1412
2013-08-25,10:00,339
2013-08-25,11:00,336
2013-08-25,12:00,382
2013-08-25,13:00,447
2013-08-25,14:00,438
2013-08-25,15:00,396
2013-08-25,16:00,412
2013-08-25,17:00,373
2013-08-25,18:00,333
2013-08-25,19:00,318
2013-08-25,1:00,545
2013-08-25,20:00,245
2013-08-25,21:00,194
2013-08-25,22:00,154
2013-08-25,23:00,47
2013-08-26,0:00,1242
2013-08-26,10:00,167
2013-08-26,11:00,228
2013-08-26,12:00,261
2013-08-26,13:00,196
2013-08-26,14:00,241
2013-08-26,15:00,255
2013-08-26,16:00,302
2013-08-26,17:00,466
2013-08-26,18:00,329
2013-08-26,19:00,289
2013-08-26,1:00,468
2013-08-26,20:00,207
2013-08-26,21:00,190
2013-08-26,22:00,126
2013-08-26,23:00,35
2013-08-27,0:00,1162
2013-08-27,10:00,142
2013-08-27,11:00,199
2013-08-27,12:00,183
2013-08-27,13:00,199
2013-08-27,14:00,186
2013-08-27,15:00,200
2013-08-27,16:00,268
2013-08-27,17:00,432
2013-08-27,18:00,315
2013-08-27,19:00,234
2013-08-27,1:00,463
2013-08-27,20:00,189
2013-08-27,21:00,151
2013-08-27,22:00,115
2013-08-27,23:00,34
2013-08-28,0:00,1183
2013-08-28,10:00,126
2013-08-28,11:00,151
2013-08-28,12:00,208
2013-08-28,13:00,214
2013-08-28,14:00,194
2013-08-28,15:00,214
2013-08-28,16:00,295
2013-08-28,17:00,439
2013-08-28,18:00,337
2013-08-28,19:00,241
2013-08-28,1:00,449
2013-08-28,20:00,177
2013-08-28,21:00,143
2013-08-28,22:00,110
2013-08-28,23:00,14
2013-08-29,0:00,1211
2013-08-29,10:00,151
2013-08-29,11:00,192
2013-08-29,12:00,222
2013-08-29,13:00,251
2013-08-29,14:00,209
2013-08-29,15:00,259
2013-08-29,16:00,343
2013-08-29,17:00,463
2013-08-29,18:00,360
2013-08-29,19:00,293
2013-08-29,1:00,548
2013-08-29,20:00,180
2013-08-29,21:00,199
2013-08-29,22:00,176
2013-08-29,23:00,33
2013-08-30,0:00,1207
2013-08-30,10:00,192
2013-08-30,11:00,215
2013-08-30,12:00,277
2013-08-30,13:00,294
2013-08-30,14:00,318
2013-08-30,15:00,333
2013-08-30,16:00,351
2013-08-30,17:00,371
2013-08-30,18:00,119
2013-08-30,19:00,134
2013-08-30,1:00,350
2013-08-30,20:00,117
2013-08-30,21:00,119
2013-08-30,22:00,126
2013-08-30,23:00,37
2013-08-31,0:00,1117
2013-08-31,10:00,152
2013-08-31,11:00,118
2013-08-31,12:00,140
2013-08-31,13:00,206
2013-08-31,14:00,283
2013-08-31,15:00,270
2013-08-31,16:00,345
2013-08-31,17:00,355
2013-08-31,18:00,311
2013-08-31,19:00,262
2013-08-31,1:00,551
2013-08-31,20:00,208
2013-08-31,21:00,170
2013-08-31,22:00,161
2013-08-31,23:00,39
2013-09-01,0:00,1463
2013-09-01,10:00,282
2013-09-01,11:00,395
2013-09-01,12:00,444
2013-09-01,13:00,474
2013-09-01,14:00,448
2013-09-01,15:00,500
2013-09-01,16:00,489
2013-09-01,17:00,450
2013-09-01,18:00,444
2013-09-01,19:00,402
2013-09-01,1:00,630
2013-09-01,20:00,283
2013-09-01,21:00,232
2013-09-01,22:00,173
2013-09-01,23:00,42
2013-09-02,0:00,1443
2013-09-02,10:00,286
2013-09-02,11:00,425
2013-09-02,12:00,457
2013-09-02,13:00,486
2013-09-02,14:00,489
2013-09-02,15:00,520
2013-09-02,16:00,476
2013-09-02,17:00,401
2013-09-02,18:00,340
2013-09-02,19:00,264
2013-09-02,1:00,413
2013-09-02,20:00,180
2013-09-02,21:00,146
2013-09-02,22:00,122
2013-09-02,23:00,18
2013-09-03,0:00,1229
2013-09-03,10:00,163
2013-09-03,11:00,193
2013-09-03,12:00,230
2013-09-03,13:00,221
2013-09-03,14:00,203
2013-09-03,15:00,264
2013-09-03,16:00,330
2013-09-03,17:00,474
2013-09-03,18:00,366
2013-09-03,19:00,257
2013-09-03,1:00,433
2013-09-03,20:00,188
2013-09-03,21:00,128
2013-09-03,22:00,107
2013-09-03,23:00,11
2013-09-04,0:00,1212
2013-09-04,10:00,162
2013-09-04,11:00,173
2013-09-04,12:00,214
2013-09-04,13:00,191
2013-09-04,14:00,183
2013-09-04,15:00,223
2013-09-04,16:00,323
2013-09-04,17:00,498
2013-09-04,18:00,383
2013-09-04,19:00,298
2013-09-04,1:00,487
2013-09-04,20:00,197
2013-09-04,21:00,178
2013-09-04,22:00,112
2013-09-04,23:00,17
2013-09-05,0:00,1250
2013-09-05,10:00,155
2013-09-05,11:00,167
2013-09-05,12:00,207
2013-09-05,13:00,251
2013-09-05,14:00,207
2013-09-05,15:00,237
2013-09-05,16:00,366
2013-09-05,17:00,477
2013-09-05,18:00,373
2013-09-05,19:00,264
2013-09-05,1:00,477
2013-09-05,20:00,207
2013-09-05,21:00,156
2013-09-05,22:00,131
2013-09-05,23:00,29
2013-09-06,0:00,1302
2013-09-06,10:00,221
2013-09-06,11:00,269
2013-09-06,12:00,294
2013-09-06,13:00,323
2013-09-06,14:00,276
2013-09-06,15:00,328
2013-09-06,16:00,433
2013-09-06,17:00,545
2013-09-06,18:00,392
2013-09-06,19:00,343
2013-09-06,1:00,615
2013-09-06,20:00,241
2013-09-06,21:00,232
2013-09-06,22:00,226
2013-09-06,23:00,62
2013-09-07,0:00,1370
2013-09-07,10:00,322
2013-09-07,11:00,412
2013-09-07,12:00,436
2013-09-07,13:00,492
2013-09-07,14:00,514
2013-09-07,15:00,464
2013-09-07,16:00,428
2013-09-07,17:00,411
2013-09-07,18:00,396
2013-09-07,19:00,321
2013-09-07,1:00,687
2013-09-07,20:00,285
2013-09-07,21:00,237
2013-09-07,22:00,228
2013-09-07,23:00,68
2013-09-08,0:00,1307
2013-09-08,10:00,244
2013-09-08,11:00,330
2013-09-08,12:00,302
2013-09-08,13:00,285
2013-09-08,14:00,324
2013-09-08,15:00,367
2013-09-08,16:00,322
2013-09-08,17:00,320
2013-09-08,18:00,287
2013-09-08,19:00,237
2013-09-08,1:00,389
2013-09-08,20:00,152
2013-09-08,21:00,127
2013-09-08,22:00,78
2013-09-08,23:00,12
2013-09-09,0:00,1207
2013-09-09,10:00,149
2013-09-09,11:00,176
2013-09-09,12:00,205
2013-09-09,13:00,243
2013-09-09,14:00,180
2013-09-09,15:00,202
2013-09-09,16:00,316
2013-09-09,17:00,468
2013-09-09,18:00,364
2013-09-09,19:00,241
2013-09-09,1:00,406
2013-09-09,20:00,168
2013-09-09,21:00,150
2013-09-09,22:00,85
2013-09-09,23:00,19
2013-09-10,0:00,1164
2013-09-10,10:00,152
2013-09-10,11:00,184
2013-09-10,12:00,162
2013-09-10,13:00,205
2013-09-10,14:00,189
2013-09-10,15:00,201
2013-09-10,16:00,262
2013-09-10,17:00,473
2013-09-10,18:00,347
2013-09-10,19:00,264
2013-09-10,1:00,463
2013-09-10,20:00,178
2013-09-10,21:00,167
2013-09-10,22:00,121
2013-09-10,23:00,22
2013-09-11,0:00,1190
2013-09-11,10:00,142
2013-09-11,11:00,166
2013-09-11,12:00,204
2013-09-11,13:00,193
2013-09-11,14:00,170
2013-09-11,15:00,228
2013-09-11,16:00,271
2013-09-11,17:00,467
2013-09-11,18:00,353
2013-09-11,19:00,262
2013-09-11,1:00,457
2013-09-11,20:00,179
2013-09-11,21:00,149
2013-09-11,22:00,108
2013-09-11,23:00,18
2013-09-12,0:00,1233
2013-09-12,10:00,145
2013-09-12,11:00,188
2013-09-12,12:00,223
2013-09-12,13:00,224
2013-09-12,14:00,220
2013-09-12,15:00,241
2013-09-12,16:00,316
2013-09-12,17:00,502
2013-09-12,18:00,365
2013-09-12,19:00,277
2013-09-12,1:00,412
2013-09-12,20:00,202
2013-09-12,21:00,142
2013-09-12,22:00,76
2013-09-12,23:00,18
2013-09-13,0:00,1324
2013-09-13,10:00,139
2013-09-13,11:00,223
2013-09-13,12:00,269
2013-09-13,13:00,280
2013-09-13,14:00,245
2013-09-13,15:00,281
2013-09-13,16:00,392
2013-09-13,17:00,513
2013-09-13,18:00,361
2013-09-13,19:00,251
2013-09-13,1:00,449
2013-09-13,20:00,189
2013-09-13,21:00,145
2013-09-13,22:00,138
2013-09-13,23:00,38
2013-09-14,0:00,1571
2013-09-14,10:00,266
2013-09-14,11:00,387
2013-09-14,12:00,480
2013-09-14,13:00,482
2013-09-14,14:00,476
2013-09-14,15:00,444
2013-09-14,16:00,433
2013-09-14,17:00,448
2013-09-14,18:00,406
2013-09-14,19:00,311
2013-09-14,1:00,620
2013-09-14,20:00,199
2013-09-14,21:00,230
2013-09-14,22:00,180
2013-09-14,23:00,42
2013-09-15,0:00,533
2013-09-15,10:00,46
2013-09-15,11:00,60
2013-09-15,12:00,51
2013-09-15,13:00,77
2013-09-15,14:00,96
2013-09-15,15:00,66
2013-09-15,16:00,62
2013-09-15,17:00,50
2013-09-15,18:00,71
2013-09-15,19:00,58
2013-09-15,1:00,181
2013-09-15,20:00,50
2013-09-15,21:00,61
2013-09-15,22:00,55
2013-09-15,23:00,6
2013-09-16,0:00,1301
2013-09-16,10:00,122
2013-09-16,11:00,152
2013-09-16,12:00,190
2013-09-16,13:00,198
2013-09-16,14:00,181
2013-09-16,15:00,252
2013-09-16,16:00,332
2013-09-16,17:00,520
2013-09-16,18:00,343
2013-09-16,19:00,199
2013-09-16,1:00,375
2013-09-16,20:00,157
2013-09-16,21:00,120
2013-09-16,22:00,77
2013-09-16,23:00,15
2013-09-17,0:00,1396
2013-09-17,10:00,140
2013-09-17,11:00,169
2013-09-17,12:00,248
2013-09-17,13:00,236
2013-09-17,14:00,190
2013-09-17,15:00,222
2013-09-17,16:00,359
2013-09-17,17:00,568
2013-09-17,18:00,415
2013-09-17,19:00,241
2013-09-17,1:00,496
2013-09-17,20:00,210
2013-09-17,21:00,145
2013-09-17,22:00,134
2013-09-17,23:00,24
2013-09-18,0:00,1124
2013-09-18,10:00,115
2013-09-18,11:00,173
2013-09-18,12:00,216
2013-09-18,13:00,207
2013-09-18,14:00,182
2013-09-18,15:00,232
2013-09-18,16:00,350
2013-09-18,17:00,238
2013-09-18,18:00,153
2013-09-18,19:00,37
2013-09-18,1:00,172
2013-09-18,20:00,44
2013-09-18,21:00,53
2013-09-18,22:00,59
2013-09-18,23:00,13
2013-09-19,0:00,1284
2013-09-19,10:00,80
2013-09-19,11:00,128
2013-09-19,12:00,164
2013-09-19,13:00,176
2013-09-19,14:00,164
2013-09-19,15:00,208
2013-09-19,16:00,324
2013-09-19,17:00,547
2013-09-19,18:00,393
2013-09-19,19:00,282
2013-09-19,1:00,519
2013-09-19,20:00,191
2013-09-19,21:00,171
2013-09-19,22:00,153
2013-09-19,23:00,32
2013-09-20,0:00,1474
2013-09-20,10:00,170
2013-09-20,11:00,210
2013-09-20,12:00,295
2013-09-20,13:00,243
2013-09-20,14:00,262
2013-09-20,15:00,316
2013-09-20,16:00,420
2013-09-20,17:00,545
2013-09-20,18:00,367
2013-09-20,19:00,255
2013-09-20,1:00,464
2013-09-20,20:00,151
2013-09-20,21:00,158
2013-09-20,22:00,105
2013-09-20,23:00,23
2013-09-21,0:00,1746
2013-09-21,10:00,345
2013-09-21,11:00,395
2013-09-21,12:00,521
2013-09-21,13:00,499
2013-09-21,14:00,503
2013-09-21,15:00,483
2013-09-21,16:00,477
2013-09-21,17:00,419
2013-09-21,18:00,425
2013-09-21,19:00,326
2013-09-21,1:00,546
2013-09-21,20:00,237
2013-09-21,21:00,184
2013-09-21,22:00,181
2013-09-21,23:00,52
2013-09-22,0:00,1677
2013-09-22,10:00,238
2013-09-22,11:00,370
2013-09-22,12:00,410
2013-09-22,13:00,443
2013-09-22,14:00,414
2013-09-22,15:00,440
2013-09-22,16:00,442
2013-09-22,17:00,389
2013-09-22,18:00,360
2013-09-22,19:00,268
2013-09-22,1:00,327
2013-09-22,20:00,109
2013-09-22,21:00,85
2013-09-22,22:00,70
2013-09-22,23:00,6
2013-09-23,0:00,1442
2013-09-23,10:00,116
2013-09-23,11:00,175
2013-09-23,12:00,240
2013-09-23,13:00,210
2013-09-23,14:00,198
2013-09-23,15:00,230
2013-09-23,16:00,350
2013-09-23,17:00,581
2013-09-23,18:00,427
2013-09-23,19:00,75
2013-09-23,1:00,418
2013-09-23,20:00,178
2013-09-23,21:00,118
2013-09-23,22:00,99
2013-09-23,23:00,7
2013-09-24,0:00,1562
2013-09-24,10:00,154
2013-09-24,11:00,201
2013-09-24,12:00,230
2013-09-24,13:00,236
2013-09-24,14:00,217
2013-09-24,15:00,249
2013-09-24,16:00,391
2013-09-24,17:00,583
2013-09-24,18:00,455
2013-09-24,19:00,299
2013-09-24,1:00,464
2013-09-24,20:00,198
2013-09-24,21:00,152
2013-09-24,22:00,119
2013-09-24,23:00,16
2013-09-25,0:00,1527
2013-09-25,10:00,161
2013-09-25,11:00,189
2013-09-25,12:00,260
2013-09-25,13:00,240
2013-09-25,14:00,216
2013-09-25,15:00,226
2013-09-25,16:00,372
2013-09-25,17:00,592
2013-09-25,18:00,447
2013-09-25,19:00,270
2013-09-25,1:00,488
2013-09-25,20:00,182
2013-09-25,21:00,174
2013-09-25,22:00,114
2013-09-25,23:00,14
2013-09-26,0:00,1558
2013-09-26,10:00,181
2013-09-26,11:00,231
2013-09-26,12:00,249
2013-09-26,13:00,261
2013-09-26,14:00,233
2013-09-26,15:00,278
2013-09-26,16:00,412
2013-09-26,17:00,561
2013-09-26,18:00,475
2013-09-26,19:00,335
2013-09-26,1:00,595
2013-09-26,20:00,251
2013-09-26,21:00,184
2013-09-26,22:00,172
2013-09-26,23:00,34
2013-09-27,0:00,1693
2013-09-27,10:00,200
2013-09-27,11:00,272
2013-09-27,12:00,322
2013-09-27,13:00,310
2013-09-27,14:00,315
2013-09-27,15:00,329
2013-09-27,16:00,491
2013-09-27,17:00,614
2013-09-27,18:00,415
2013-09-27,19:00,318
2013-09-27,1:00,591
2013-09-27,20:00,205
2013-09-27,21:00,191
2013-09-27,22:00,150
2013-09-27,23:00,26
2013-09-28,0:00,1940
2013-09-28,10:00,359
2013-09-28,11:00,427
2013-09-28,12:00,525
2013-09-28,13:00,535
2013-09-28,14:00,583
2013-09-28,15:00,579
2013-09-28,16:00,548
2013-09-28,17:00,567
2013-09-28,18:00,442
2013-09-28,19:00,355
2013-09-28,1:00,702
2013-09-28,20:00,245
2013-09-28,21:00,232
2013-09-28,22:00,213
2013-09-28,23:00,41
2013-09-29,0:00,1779
2013-09-29,10:00,275
2013-09-29,11:00,413
2013-09-29,12:00,384
2013-09-29,13:00,436
2013-09-29,14:00,416
2013-09-29,15:00,480
2013-09-29,16:00,455
2013-09-29,17:00,407
2013-09-29,18:00,380
2013-09-29,19:00,229
2013-09-29,1:00,366
2013-09-29,20:00,139
2013-09-29,21:00,104
2013-09-29,22:00,71
2013-09-29,23:00,13
2013-09-30,0:00,1675
2013-09-30,10:00,190
2013-09-30,11:00,223
2013-09-30,12:00,264
2013-09-30,13:00,299
2013-09-30,14:00,236
2013-09-30,15:00,253
2013-09-30,16:00,415
2013-09-30,17:00,677
2013-09-30,18:00,473
2013-09-30,19:00,281
2013-09-30,1:00,480
2013-09-30,20:00,198
2013-09-30,21:00,157
2013-09-30,22:00,118
2013-09-30,23:00,16
2013-10-01,0:00,1609
2013-10-01,10:00,184
2013-10-01,11:00,211
2013-10-01,12:00,245
2013-10-01,13:00,242
2013-10-01,14:00,226
2013-10-01,15:00,263
2013-10-01,16:00,389
2013-10-01,17:00,660
2013-10-01,18:00,471
2013-10-01,19:00,292
2013-10-01,1:00,574
2013-10-01,20:00,230
2013-10-01,21:00,174
2013-10-01,22:00,151
2013-10-01,23:00,21
2013-10-02,0:00,1641
2013-10-02,10:00,174
2013-10-02,11:00,213
2013-10-02,12:00,275
2013-10-02,13:00,270
2013-10-02,14:00,249
2013-10-02,15:00,255
2013-10-02,16:00,410
2013-10-02,17:00,615
2013-10-02,18:00,451
2013-10-02,19:00,302
2013-10-02,1:00,543
2013-10-02,20:00,231
2013-10-02,21:00,163
2013-10-02,22:00,136
2013-10-02,23:00,21
2013-10-03,0:00,1295
2013-10-03,10:00,96
2013-10-03,11:00,61
2013-10-03,12:00,111
2013-10-03,13:00,155
2013-10-03,14:00,161
2013-10-03,15:00,225
2013-10-03,16:00,344
2013-10-03,17:00,389
2013-10-03,18:00,368
2013-10-03,19:00,260
2013-10-03,1:00,367
2013-10-03,20:00,188
2013-10-03,21:00,99
2013-10-03,22:00,66
2013-10-03,23:00,14
2013-10-04,0:00,1662
2013-10-04,10:00,207
2013-10-04,11:00,258
2013-10-04,12:00,318
2013-10-04,13:00,329
2013-10-04,14:00,337
2013-10-04,15:00,356
2013-10-04,16:00,444
2013-10-04,17:00,569
2013-10-04,18:00,421
2013-10-04,19:00,291
2013-10-04,1:00,599
2013-10-04,20:00,222
2013-10-04,21:00,185
2013-10-04,22:00,171
2013-10-04,23:00,33
2013-10-05,0:00,1546
2013-10-05,10:00,298
2013-10-05,11:00,318
2013-10-05,12:00,424
2013-10-05,13:00,465
2013-10-05,14:00,487
2013-10-05,15:00,459
2013-10-05,16:00,106
2013-10-05,17:00,167
2013-10-05,18:00,139
2013-10-05,19:00,123
2013-10-05,1:00,292
2013-10-05,20:00,102
2013-10-05,21:00,85
2013-10-05,22:00,95
2013-10-05,23:00,28
2013-10-06,0:00,1547
2013-10-06,10:00,236
2013-10-06,11:00,356
2013-10-06,12:00,315
2013-10-06,13:00,389
2013-10-06,14:00,317
2013-10-06,15:00,464
2013-10-06,16:00,366
2013-10-06,17:00,304
2013-10-06,18:00,208
2013-10-06,19:00,144
2013-10-06,1:00,257
2013-10-06,20:00,96
2013-10-06,21:00,76
2013-10-06,22:00,58
2013-10-06,23:00,10
2013-10-07,0:00,1558
2013-10-07,10:00,114
2013-10-07,11:00,160
2013-10-07,12:00,224
2013-10-07,13:00,238
2013-10-07,14:00,204
2013-10-07,15:00,246
2013-10-07,16:00,353
2013-10-07,17:00,589
2013-10-07,18:00,411
2013-10-07,19:00,251
2013-10-07,1:00,436
2013-10-07,20:00,197
2013-10-07,21:00,132
2013-10-07,22:00,95
2013-10-07,23:00,12
2013-10-08,0:00,1626
2013-10-08,10:00,163
2013-10-08,11:00,207
2013-10-08,12:00,226
2013-10-08,13:00,261
2013-10-08,14:00,237
2013-10-08,15:00,287
2013-10-08,16:00,423
2013-10-08,17:00,655
2013-10-08,18:00,486
2013-10-08,19:00,299
2013-10-08,1:00,489
2013-10-08,20:00,199
2013-10-08,21:00,157
2013-10-08,22:00,110
2013-10-08,23:00,13
2013-10-09,0:00,1650
2013-10-09,10:00,186
2013-10-09,11:00,216
2013-10-09,12:00,273
2013-10-09,13:00,258
2013-10-09,14:00,241
2013-10-09,15:00,259
2013-10-09,16:00,388
2013-10-09,17:00,645
2013-10-09,18:00,494
2013-10-09,19:00,288
2013-10-09,1:00,522
2013-10-09,20:00,203
2013-10-09,21:00,176
2013-10-09,22:00,134
2013-10-09,23:00,19
2013-10-10,0:00,1674
2013-10-10,10:00,198
2013-10-10,11:00,257
2013-10-10,12:00,314
2013-10-10,13:00,297
2013-10-10,14:00,289
2013-10-10,15:00,315
2013-10-10,16:00,479
2013-10-10,17:00,663
2013-10-10,18:00,477
2013-10-10,19:00,353
2013-10-10,1:00,693
2013-10-10,20:00,216
2013-10-10,21:00,202
2013-10-10,22:00,211
2013-10-10,23:00,35
2013-10-11,0:00,1793
2013-10-11,10:00,248
2013-10-11,11:00,360
2013-10-11,12:00,419
2013-10-11,13:00,410
2013-10-11,14:00,406
2013-10-11,15:00,430
2013-10-11,16:00,584
2013-10-11,17:00,682
2013-10-11,18:00,476
2013-10-11,19:00,341
2013-10-11,1:00,636
2013-10-11,20:00,264
2013-10-11,21:00,199
2013-10-11,22:00,177
2013-10-11,23:00,40
2013-10-12,0:00,1777
2013-10-12,10:00,350
2013-10-12,11:00,444
2013-10-12,12:00,548
2013-10-12,13:00,452
2013-10-12,14:00,501
2013-10-12,15:00,401
2013-10-12,16:00,403
2013-10-12,17:00,402
2013-10-12,18:00,394
2013-10-12,19:00,263
2013-10-12,1:00,596
2013-10-12,20:00,228
2013-10-12,21:00,171
2013-10-12,22:00,170
2013-10-12,23:00,29
2013-10-13,0:00,1851
2013-10-13,10:00,402
2013-10-13,11:00,486
2013-10-13,12:00,399
2013-10-13,13:00,417
2013-10-13,14:00,428
2013-10-13,15:00,457
2013-10-13,16:00,426
2013-10-13,17:00,395
2013-10-13,18:00,305
2013-10-13,19:00,206
2013-10-13,1:00,375
2013-10-13,20:00,148
2013-10-13,21:00,99
2013-10-13,22:00,94
2013-10-13,23:00,13
2013-10-14,0:00,1730
2013-10-14,10:00,225
2013-10-14,11:00,260
2013-10-14,12:00,333
2013-10-14,13:00,342
2013-10-14,14:00,310
2013-10-14,15:00,325
2013-10-14,16:00,409
2013-10-14,17:00,614
2013-10-14,18:00,403
2013-10-14,19:00,254
2013-10-14,1:00,440
2013-10-14,20:00,178
2013-10-14,21:00,150
2013-10-14,22:00,82
2013-10-14,23:00,10
2013-10-15,0:00,1386
2013-10-15,10:00,164
2013-10-15,11:00,192
2013-10-15,12:00,247
2013-10-15,13:00,161
2013-10-15,14:00,63
2013-10-15,15:00,112
2013-10-15,16:00,234
2013-10-15,17:00,517
2013-10-15,18:00,328
2013-10-15,19:00,213
2013-10-15,1:00,426
2013-10-15,20:00,175
2013-10-15,21:00,146
2013-10-15,22:00,100
2013-10-15,23:00,12
2013-10-16,0:00,1488
2013-10-16,10:00,140
2013-10-16,11:00,187
2013-10-16,12:00,197
2013-10-16,13:00,204
2013-10-16,14:00,166
2013-10-16,15:00,221
2013-10-16,16:00,346
2013-10-16,17:00,553
2013-10-16,18:00,374
2013-10-16,19:00,225
2013-10-16,1:00,444
2013-10-16,20:00,158
2013-10-16,21:00,146
2013-10-16,22:00,113
2013-10-16,23:00,11
2013-10-17,0:00,1190
2013-10-17,10:00,45
2013-10-17,11:00,56
2013-10-17,12:00,84
2013-10-17,13:00,99
2013-10-17,14:00,108
2013-10-17,15:00,155
2013-10-17,16:00,269
2013-10-17,17:00,483
2013-10-17,18:00,382
2013-10-17,19:00,207
2013-10-17,1:00,392
2013-10-17,20:00,146
2013-10-17,21:00,121
2013-10-17,22:00,106
2013-10-17,23:00,12
2013-10-18,0:00,1406
2013-10-18,10:00,148
2013-10-18,11:00,166
2013-10-18,12:00,199
2013-10-18,13:00,190
2013-10-18,14:00,229
2013-10-18,15:00,217
2013-10-18,16:00,370
2013-10-18,17:00,458
2013-10-18,18:00,268
2013-10-18,19:00,160
2013-10-18,1:00,324
2013-10-18,20:00,93
2013-10-18,21:00,105
2013-10-18,22:00,74
2013-10-18,23:00,14
2013-10-19,0:00,1534
2013-10-19,10:00,231
2013-10-19,11:00,303
2013-10-19,12:00,337
2013-10-19,13:00,340
2013-10-19,14:00,344
2013-10-19,15:00,363
2013-10-19,16:00,312
2013-10-19,17:00,260
2013-10-19,18:00,157
2013-10-19,19:00,105
2013-10-19,1:00,287
2013-10-19,20:00,89
2013-10-19,21:00,94
2013-10-19,22:00,65
2013-10-19,23:00,7
2013-10-20,0:00,1489
2013-10-20,10:00,206
2013-10-20,11:00,269
2013-10-20,12:00,261
2013-10-20,13:00,297
2013-10-20,14:00,317
2013-10-20,15:00,338
2013-10-20,16:00,332
2013-10-20,17:00,310
2013-10-20,18:00,229
2013-10-20,19:00,108
2013-10-20,1:00,276
2013-10-20,20:00,100
2013-10-20,21:00,94
2013-10-20,22:00,63
2013-10-20,23:00,10
2013-10-21,0:00,1366
2013-10-21,10:00,113
2013-10-21,11:00,147
2013-10-21,12:00,166
2013-10-21,13:00,178
2013-10-21,14:00,157
2013-10-21,15:00,197
2013-10-21,16:00,276
2013-10-21,17:00,522
2013-10-21,18:00,292
2013-10-21,19:00,167
2013-10-21,1:00,302
2013-10-21,20:00,113
2013-10-21,21:00,92
2013-10-21,22:00,65
2013-10-21,23:00,1
2013-10-22,0:00,1092
2013-10-22,10:00,104
2013-10-22,11:00,120
2013-10-22,12:00,158
2013-10-22,13:00,128
2013-10-22,14:00,91
2013-10-22,15:00,122
2013-10-22,16:00,191
2013-10-22,17:00,382
2013-10-22,18:00,266
2013-10-22,19:00,161
2013-10-22,1:00,278
2013-10-22,20:00,103
2013-10-22,21:00,85
2013-10-22,22:00,63
2013-10-22,23:00,7
2013-10-23,0:00,1268
2013-10-23,10:00,102
2013-10-23,11:00,95
2013-10-23,12:00,136
2013-10-23,13:00,145
2013-10-23,14:00,130
2013-10-23,15:00,147
2013-10-23,16:00,260
2013-10-23,17:00,461
2013-10-23,18:00,282
2013-10-23,19:00,165
2013-10-23,1:00,313
2013-10-23,20:00,117
2013-10-23,21:00,108
2013-10-23,22:00,49
2013-10-23,23:00,2
2013-10-24,0:00,1296
2013-10-24,10:00,110
2013-10-24,11:00,111
2013-10-24,12:00,153
2013-10-24,13:00,167
2013-10-24,14:00,132
2013-10-24,15:00,178
2013-10-24,16:00,279
2013-10-24,17:00,434
2013-10-24,18:00,290
2013-10-24,19:00,181
2013-10-24,1:00,309
2013-10-24,20:00,113
2013-10-24,21:00,92
2013-10-24,22:00,78
2013-10-24,23:00,5
2013-10-25,0:00,1377
2013-10-25,10:00,117
2013-10-25,11:00,170
2013-10-25,12:00,188
2013-10-25,13:00,214
2013-10-25,14:00,205
2013-10-25,15:00,227
2013-10-25,16:00,332
2013-10-25,17:00,453
2013-10-25,18:00,277
2013-10-25,19:00,182
2013-10-25,1:00,333
2013-10-25,20:00,139
2013-10-25,21:00,80
2013-10-25,22:00,83
2013-10-25,23:00,11
2013-10-26,0:00,1400
2013-10-26,10:00,164
2013-10-26,11:00,204
2013-10-26,12:00,258
2013-10-26,13:00,293
2013-10-26,14:00,293
2013-10-26,15:00,271
2013-10-26,16:00,249
2013-10-26,17:00,231
2013-10-26,18:00,181
2013-10-26,19:00,135
2013-10-26,1:00,307
2013-10-26,20:00,95
2013-10-26,21:00,86
2013-10-26,22:00,81
2013-10-26,23:00,10
2013-10-27,0:00,1327
2013-10-27,10:00,152
2013-10-27,11:00,213
2013-10-27,12:00,248
2013-10-27,13:00,229
2013-10-27,14:00,252
2013-10-27,15:00,262
2013-10-27,16:00,257
2013-10-27,17:00,220
2013-10-27,18:00,179
2013-10-27,19:00,139
2013-10-27,1:00,211
2013-10-27,20:00,86
2013-10-27,21:00,70
2013-10-27,22:00,38
2013-10-27,23:00,6
2013-10-28,0:00,1332
2013-10-28,10:00,132
2013-10-28,11:00,129
2013-10-28,12:00,180
2013-10-28,13:00,170
2013-10-28,14:00,129
2013-10-28,15:00,163
2013-10-28,16:00,283
2013-10-28,17:00,482
2013-10-28,18:00,296
2013-10-28,19:00,169
2013-10-28,1:00,297
2013-10-28,20:00,121
2013-10-28,21:00,99
2013-10-28,22:00,58
2013-10-28,23:00,6
2013-10-29,0:00,1366
2013-10-29,10:00,123
2013-10-29,11:00,123
2013-10-29,12:00,172
2013-10-29,13:00,161
2013-10-29,14:00,135
2013-10-29,15:00,180
2013-10-29,16:00,296
2013-10-29,17:00,503
2013-10-29,18:00,380
2013-10-29,19:00,217
2013-10-29,1:00,399
2013-10-29,20:00,168
2013-10-29,21:00,136
2013-10-29,22:00,79
2013-10-29,23:00,10
2013-10-30,0:00,1138
2013-10-30,10:00,105
2013-10-30,11:00,136
2013-10-30,12:00,170
2013-10-30,13:00,177
2013-10-30,14:00,145
2013-10-30,15:00,142
2013-10-30,16:00,198
2013-10-30,17:00,404
2013-10-30,18:00,128
2013-10-30,19:00,54
2013-10-30,1:00,161
2013-10-30,20:00,43
2013-10-30,21:00,63
2013-10-30,22:00,36
2013-10-30,23:00,3
2013-10-31,0:00,692
2013-10-31,10:00,55
2013-10-31,11:00,57
2013-10-31,12:00,96
2013-10-31,13:00,66
2013-10-31,14:00,45
2013-10-31,15:00,67
2013-10-31,16:00,113
2013-10-31,17:00,149
2013-10-31,18:00,134
2013-10-31,19:00,105
2013-10-31,1:00,211
2013-10-31,20:00,73
2013-10-31,21:00,59
2013-10-31,22:00,40
2013-10-31,23:00,3
2013-11-01,0:00,1325
2013-11-01,10:00,120
2013-11-01,11:00,164
2013-11-01,12:00,181
2013-11-01,13:00,215
2013-11-01,14:00,153
2013-11-01,15:00,205
2013-11-01,16:00,325
2013-11-01,17:00,435
2013-11-01,18:00,183
2013-11-01,19:00,91
2013-11-01,1:00,159
2013-11-01,20:00,54
2013-11-01,21:00,43
2013-11-01,22:00,56
2013-11-01,23:00,14
2013-11-02,0:00,1204
2013-11-02,10:00,141
2013-11-02,11:00,175
2013-11-02,12:00,188
2013-11-02,13:00,240
2013-11-02,14:00,265
2013-11-02,15:00,202
2013-11-02,16:00,217
2013-11-02,17:00,116
2013-11-02,18:00,110
2013-11-02,19:00,112
2013-11-02,1:00,232
2013-11-02,20:00,70
2013-11-02,21:00,68
2013-11-02,22:00,80
2013-11-02,23:00,16
2013-11-03,0:00,1337
2013-11-03,10:00,180
2013-11-03,11:00,246
2013-11-03,12:00,254
2013-11-03,13:00,252
2013-11-03,14:00,274
2013-11-03,15:00,261
2013-11-03,16:00,217
2013-11-03,17:00,173
2013-11-03,18:00,122
2013-11-03,19:00,115
2013-11-03,1:00,192
2013-11-03,20:00,69
2013-11-03,21:00,52
2013-11-03,22:00,47
2013-11-03,23:00,1
2013-11-04,0:00,1359
2013-11-04,10:00,123
2013-11-04,11:00,153
2013-11-04,12:00,179
2013-11-04,13:00,185
2013-11-04,14:00,151
2013-11-04,15:00,187
2013-11-04,16:00,282
2013-11-04,17:00,455
2013-11-04,18:00,339
2013-11-04,19:00,224
2013-11-04,1:00,356
2013-11-04,20:00,124
2013-11-04,21:00,107
2013-11-04,22:00,84
2013-11-04,23:00,9
2013-11-05,0:00,1259
2013-11-05,10:00,122
2013-11-05,11:00,152
2013-11-05,12:00,178
2013-11-05,13:00,112
2013-11-05,14:00,121
2013-11-05,15:00,158
2013-11-05,16:00,223
2013-11-05,17:00,421
2013-11-05,18:00,335
2013-11-05,19:00,201
2013-11-05,1:00,338
2013-11-05,20:00,141
2013-11-05,21:00,100
2013-11-05,22:00,67
2013-11-05,23:00,7
2013-11-06,0:00,1016
2013-11-06,10:00,54
2013-11-06,11:00,68
2013-11-06,12:00,79
2013-11-06,13:00,83
2013-11-06,14:00,73
2013-11-06,15:00,104
2013-11-06,16:00,188
2013-11-06,17:00,367
2013-11-06,18:00,296
2013-11-06,19:00,200
2013-11-06,1:00,294
2013-11-06,20:00,115
2013-11-06,21:00,96
2013-11-06,22:00,59
2013-11-06,23:00,2
2013-11-07,0:00,1206
2013-11-07,10:00,114
2013-11-07,11:00,148
2013-11-07,12:00,158
2013-11-07,13:00,150
2013-11-07,14:00,123
2013-11-07,15:00,157
2013-11-07,16:00,240
2013-11-07,17:00,411
2013-11-07,18:00,262
2013-11-07,19:00,170
2013-11-07,1:00,323
2013-11-07,20:00,126
2013-11-07,21:00,100
2013-11-07,22:00,79
2013-11-07,23:00,8
2013-11-08,0:00,1297
2013-11-08,10:00,125
2013-11-08,11:00,173
2013-11-08,12:00,207
2013-11-08,13:00,207
2013-11-08,14:00,183
2013-11-08,15:00,226
2013-11-08,16:00,319
2013-11-08,17:00,391
2013-11-08,18:00,247
2013-11-08,19:00,157
2013-11-08,1:00,304
2013-11-08,20:00,100
2013-11-08,21:00,111
2013-11-08,22:00,93
2013-11-08,23:00,16
2013-11-09,0:00,1466
2013-11-09,10:00,181
2013-11-09,11:00,256
2013-11-09,12:00,322
2013-11-09,13:00,335
2013-11-09,14:00,317
2013-11-09,15:00,364
2013-11-09,16:00,320
2013-11-09,17:00,267
2013-11-09,18:00,188
2013-11-09,19:00,131
2013-11-09,1:00,296
2013-11-09,20:00,110
2013-11-09,21:00,77
2013-11-09,22:00,68
2013-11-09,23:00,10
2013-11-10,0:00,1337
2013-11-10,10:00,183
2013-11-10,11:00,231
2013-11-10,12:00,262
2013-11-10,13:00,231
2013-11-10,14:00,201
2013-11-10,15:00,296
2013-11-10,16:00,254
2013-11-10,17:00,172
2013-11-10,18:00,111
2013-11-10,19:00,83
2013-11-10,1:00,191
2013-11-10,20:00,57
2013-11-10,21:00,50
2013-11-10,22:00,46
2013-11-10,23:00,2
2013-11-11,0:00,566
2013-11-11,10:00,88
2013-11-11,11:00,65
2013-11-11,12:00,54
2013-11-11,13:00,29
2013-11-11,14:00,33
2013-11-11,15:00,47
2013-11-11,16:00,68
2013-11-11,17:00,167
2013-11-11,18:00,122
2013-11-11,19:00,85
2013-11-11,1:00,137
2013-11-11,20:00,48
2013-11-11,21:00,44
2013-11-11,22:00,30
2013-11-11,23:00,2
2013-11-12,0:00,979
2013-11-12,10:00,84
2013-11-12,11:00,91
2013-11-12,12:00,94
2013-11-12,13:00,105
2013-11-12,14:00,86
2013-11-12,15:00,97
2013-11-12,16:00,176
2013-11-12,17:00,314
2013-11-12,18:00,215
2013-11-12,19:00,145
2013-11-12,1:00,215
2013-11-12,20:00,89
2013-11-12,21:00,74
2013-11-12,22:00,38
2013-11-12,23:00,4
2013-11-13,0:00,980
2013-11-13,10:00,79
2013-11-13,11:00,96
2013-11-13,12:00,103
2013-11-13,13:00,102
2013-11-13,14:00,89
2013-11-13,15:00,109
2013-11-13,16:00,190
2013-11-13,17:00,345
2013-11-13,18:00,196
2013-11-13,19:00,120
2013-11-13,1:00,228
2013-11-13,20:00,88
2013-11-13,21:00,72
2013-11-13,22:00,42
2013-11-13,23:00,3
2013-11-14,0:00,1117
2013-11-14,10:00,104
2013-11-14,11:00,109
2013-11-14,12:00,123
2013-11-14,13:00,133
2013-11-14,14:00,118
2013-11-14,15:00,126
2013-11-14,16:00,240
2013-11-14,17:00,377
2013-11-14,18:00,240
2013-11-14,19:00,166
2013-11-14,1:00,283
2013-11-14,20:00,110
2013-11-14,21:00,82
2013-11-14,22:00,66
2013-11-14,23:00,7
2013-11-15,0:00,1160
2013-11-15,10:00,118
2013-11-15,11:00,150
2013-11-15,12:00,177
2013-11-15,13:00,162
2013-11-15,14:00,153
2013-11-15,15:00,174
2013-11-15,16:00,277
2013-11-15,17:00,342
2013-11-15,18:00,241
2013-11-15,19:00,131
2013-11-15,1:00,328
2013-11-15,20:00,118
2013-11-15,21:00,93
2013-11-15,22:00,83
2013-11-15,23:00,10
2013-11-16,0:00,853
2013-11-16,10:00,113
2013-11-16,11:00,114
2013-11-16,12:00,176
2013-11-16,13:00,159
2013-11-16,14:00,145
2013-11-16,15:00,152
2013-11-16,16:00,121
2013-11-16,17:00,79
2013-11-16,18:00,65
2013-11-16,19:00,31
2013-11-16,1:00,138
2013-11-16,20:00,25
2013-11-16,21:00,42
2013-11-16,22:00,46
2013-11-16,23:00,8
2013-11-17,0:00,601
2013-11-17,10:00,103
2013-11-17,11:00,154
2013-11-17,12:00,56
2013-11-17,13:00,23
2013-11-17,14:00,45
2013-11-17,15:00,94
2013-11-17,16:00,44
2013-11-17,17:00,62
2013-11-17,18:00,43
2013-11-17,19:00,35
2013-11-17,1:00,104
2013-11-17,20:00,25
2013-11-17,21:00,25
2013-11-17,22:00,34
2013-11-18,0:00,1048
2013-11-18,10:00,75
2013-11-18,11:00,87
2013-11-18,12:00,125
2013-11-18,13:00,95
2013-11-18,14:00,94
2013-11-18,15:00,127
2013-11-18,16:00,207
2013-11-18,17:00,371
2013-11-18,18:00,228
2013-11-18,19:00,154
2013-11-18,1:00,224
2013-11-18,20:00,106
2013-11-18,21:00,69
2013-11-18,22:00,44
2013-11-18,23:00,5
2013-11-19,0:00,1040
2013-11-19,10:00,89
2013-11-19,11:00,112
2013-11-19,12:00,161
2013-11-19,13:00,122
2013-11-19,14:00,99
2013-11-19,15:00,112
2013-11-19,16:00,210
2013-11-19,17:00,323
2013-11-19,18:00,285
2013-11-19,19:00,141
2013-11-19,1:00,255
2013-11-19,20:00,103
2013-11-19,21:00,79
2013-11-19,22:00,46
2013-11-19,23:00,3
2013-11-20,0:00,1033
2013-11-20,10:00,84
2013-11-20,11:00,116
2013-11-20,12:00,132
2013-11-20,13:00,129
2013-11-20,14:00,99
2013-11-20,15:00,118
2013-11-20,16:00,208
2013-11-20,17:00,368
2013-11-20,18:00,187
2013-11-20,19:00,132
2013-11-20,1:00,147
2013-11-20,20:00,38
2013-11-20,21:00,34
2013-11-20,22:00,42
2013-11-20,23:00,3
2013-11-21,0:00,928
2013-11-21,10:00,107
2013-11-21,11:00,129
2013-11-21,12:00,143
2013-11-21,13:00,148
2013-11-21,14:00,104
2013-11-21,15:00,130
2013-11-21,16:00,139
2013-11-21,17:00,228
2013-11-21,18:00,143
2013-11-21,19:00,116
2013-11-21,1:00,191
2013-11-21,20:00,85
2013-11-21,21:00,47
2013-11-21,22:00,45
2013-11-21,23:00,6
2013-11-22,0:00,1014
2013-11-22,10:00,83
2013-11-22,11:00,97
2013-11-22,12:00,117
2013-11-22,13:00,105
2013-11-22,14:00,111
2013-11-22,15:00,134
2013-11-22,16:00,222
2013-11-22,17:00,307
2013-11-22,18:00,227
2013-11-22,19:00,110
2013-11-22,1:00,222
2013-11-22,20:00,76
2013-11-22,21:00,62
2013-11-22,22:00,54
2013-11-22,23:00,7
2013-11-23,0:00,627
2013-11-23,10:00,83
2013-11-23,11:00,82
2013-11-23,12:00,89
2013-11-23,13:00,86
2013-11-23,14:00,90
2013-11-23,15:00,84
2013-11-23,16:00,92
2013-11-23,17:00,66
2013-11-23,18:00,51
2013-11-23,19:00,38
2013-11-23,1:00,91
2013-11-23,20:00,30
2013-11-23,21:00,20
2013-11-23,22:00,29
2013-11-23,23:00,2
2013-11-24,0:00,518
2013-11-24,10:00,47
2013-11-24,11:00,82
2013-11-24,12:00,67
2013-11-24,13:00,59
2013-11-24,14:00,73
2013-11-24,15:00,64
2013-11-24,16:00,70
2013-11-24,17:00,53
2013-11-24,18:00,41
2013-11-24,19:00,37
2013-11-24,1:00,75
2013-11-24,20:00,19
2013-11-24,21:00,18
2013-11-24,22:00,21
2013-11-24,23:00,2
2013-11-25,0:00,703
2013-11-25,10:00,69
2013-11-25,11:00,92
2013-11-25,12:00,86
2013-11-25,13:00,62
2013-11-25,14:00,49
2013-11-25,15:00,57
2013-11-25,16:00,102
2013-11-25,17:00,246
2013-11-25,18:00,115
2013-11-25,19:00,80
2013-11-25,1:00,119
2013-11-25,20:00,42
2013-11-25,21:00,34
2013-11-25,22:00,32
2013-11-25,23:00,2
2013-11-26,0:00,899
2013-11-26,10:00,76
2013-11-26,11:00,101
2013-11-26,12:00,129
2013-11-26,13:00,116
2013-11-26,14:00,87
2013-11-26,15:00,107
2013-11-26,16:00,186
2013-11-26,17:00,279
2013-11-26,18:00,187
2013-11-26,19:00,105
2013-11-26,1:00,158
2013-11-26,20:00,66
2013-11-26,21:00,46
2013-11-26,22:00,28
2013-11-26,23:00,2
2013-11-27,0:00,725
2013-11-27,10:00,71
2013-11-27,11:00,74
2013-11-27,12:00,88
2013-11-27,13:00,108
2013-11-27,14:00,109
2013-11-27,15:00,160
2013-11-27,16:00,132
2013-11-27,17:00,116
2013-11-27,18:00,89
2013-11-27,19:00,51
2013-11-27,1:00,97
2013-11-27,20:00,41
2013-11-27,21:00,34
2013-11-27,22:00,18
2013-11-27,23:00,4
2013-11-28,0:00,271
2013-11-28,10:00,31
2013-11-28,11:00,32
2013-11-28,12:00,47
2013-11-28,13:00,35
2013-11-28,14:00,39
2013-11-28,15:00,24
2013-11-28,16:00,21
2013-11-28,17:00,13
2013-11-28,18:00,14
2013-11-28,19:00,14
2013-11-28,1:00,70
2013-11-28,20:00,14
2013-11-28,21:00,21
2013-11-28,22:00,19
2013-11-28,23:00,2
2013-11-29,0:00,591
2013-11-29,10:00,63
2013-11-29,11:00,76
2013-11-29,12:00,92
2013-11-29,13:00,79
2013-11-29,14:00,63
2013-11-29,15:00,94
2013-11-29,16:00,74
2013-11-29,17:00,84
2013-11-29,18:00,67
2013-11-29,19:00,43
2013-11-29,1:00,110
2013-11-29,20:00,36
2013-11-29,21:00,35
2013-11-29,22:00,34
2013-11-29,23:00,5
2013-11-30,0:00,807
2013-11-30,10:00,73
2013-11-30,11:00,86
2013-11-30,12:00,116
2013-11-30,13:00,124
2013-11-30,14:00,148
2013-11-30,15:00,180
2013-11-30,16:00,125
2013-11-30,17:00,118
2013-11-30,18:00,103
2013-11-30,19:00,76
2013-11-30,1:00,224
2013-11-30,20:00,75
2013-11-30,21:00,48
2013-11-30,22:00,58
2013-11-30,23:00,5
2013-12-01,0:00,633
2013-12-01,10:00,63
2013-12-01,11:00,95
2013-12-01,12:00,92
2013-12-01,13:00,106
2013-12-01,14:00,78
2013-12-01,15:00,86
2013-12-01,16:00,103
2013-12-01,17:00,91
2013-12-01,18:00,74
2013-12-01,19:00,52
2013-12-01,1:00,111
2013-12-01,20:00,48
2013-12-01,21:00,32
2013-12-01,22:00,28
2013-12-01,23:00,4
2013-12-02,0:00,1014
2013-12-02,10:00,70
2013-12-02,11:00,79
2013-12-02,12:00,122
2013-12-02,13:00,104
2013-12-02,14:00,84
2013-12-02,15:00,119
2013-12-02,16:00,208
2013-12-02,17:00,363
2013-12-02,18:00,239
2013-12-02,19:00,137
2013-12-02,1:00,149
2013-12-02,20:00,70
2013-12-02,21:00,44
2013-12-02,22:00,21
2013-12-03,0:00,927
2013-12-03,10:00,87
2013-12-03,11:00,101
2013-12-03,12:00,132
2013-12-03,13:00,109
2013-12-03,14:00,106
2013-12-03,15:00,89
2013-12-03,16:00,179
2013-12-03,17:00,317
2013-12-03,18:00,249
2013-12-03,19:00,163
2013-12-03,1:00,296
2013-12-03,20:00,119
2013-12-03,21:00,91
2013-12-03,22:00,76
2013-12-03,23:00,3
2013-12-04,0:00,1018
2013-12-04,10:00,115
2013-12-04,11:00,106
2013-12-04,12:00,145
2013-12-04,13:00,132
2013-12-04,14:00,108
2013-12-04,15:00,109
2013-12-04,16:00,195
2013-12-04,17:00,329
2013-12-04,18:00,262
2013-12-04,19:00,206
2013-12-04,1:00,296
2013-12-04,20:00,125
2013-12-04,21:00,96
2013-12-04,22:00,50
2013-12-04,23:00,5
2013-12-05,0:00,848
2013-12-05,10:00,92
2013-12-05,11:00,80
2013-12-05,12:00,115
2013-12-05,13:00,78
2013-12-05,14:00,74
2013-12-05,15:00,103
2013-12-05,16:00,158
2013-12-05,17:00,276
2013-12-05,18:00,213
2013-12-05,19:00,123
2013-12-05,1:00,192
2013-12-05,20:00,77
2013-12-05,21:00,46
2013-12-05,22:00,53
2013-12-05,23:00,5
2013-12-06,0:00,788
2013-12-06,10:00,75
2013-12-06,11:00,85
2013-12-06,12:00,88
2013-12-06,13:00,88
2013-12-06,14:00,75
2013-12-06,15:00,123
2013-12-06,16:00,151
2013-12-06,17:00,239
2013-12-06,18:00,136
2013-12-06,19:00,76
2013-12-06,1:00,127
2013-12-06,20:00,40
2013-12-06,21:00,35
2013-12-06,22:00,38
2013-12-06,23:00,6
2013-12-07,0:00,493
2013-12-07,10:00,52
2013-12-07,11:00,70
2013-12-07,12:00,72
2013-12-07,13:00,67
2013-12-07,14:00,80
2013-12-07,15:00,90
2013-12-07,16:00,63
2013-12-07,17:00,60
2013-12-07,18:00,47
2013-12-07,19:00,36
2013-12-07,1:00,101
2013-12-07,20:00,33
2013-12-07,21:00,26
2013-12-07,22:00,23
2013-12-07,23:00,2
2013-12-08,0:00,243
2013-12-08,10:00,48
2013-12-08,11:00,43
2013-12-08,12:00,35
2013-12-08,13:00,20
2013-12-08,14:00,25
2013-12-08,15:00,18
2013-12-08,16:00,20
2013-12-08,17:00,23
2013-12-08,18:00,21
2013-12-08,19:00,14
2013-12-08,1:00,23
2013-12-08,20:00,4
2013-12-08,21:00,7
2013-12-08,22:00,7
2013-12-08,23:00,1
2013-12-09,0:00,462
2013-12-09,10:00,38
2013-12-09,11:00,30
2013-12-09,12:00,44
2013-12-09,13:00,23
2013-12-09,14:00,45
2013-12-09,15:00,59
2013-12-09,16:00,72
2013-12-09,17:00,153
2013-12-09,18:00,94
2013-12-09,19:00,56
2013-12-09,1:00,96
2013-12-09,20:00,31
2013-12-09,21:00,26
2013-12-09,22:00,24
2013-12-10,0:00,486
2013-12-10,10:00,35
2013-12-10,11:00,46
2013-12-10,12:00,36
2013-12-10,13:00,36
2013-12-10,14:00,32
2013-12-10,15:00,49
2013-12-10,16:00,79
2013-12-10,17:00,134
2013-12-10,18:00,114
2013-12-10,19:00,72
2013-12-10,1:00,107
2013-12-10,20:00,38
2013-12-10,21:00,33
2013-12-10,22:00,29
2013-12-10,23:00,1
2013-12-11,0:00,460
2013-12-11,10:00,30
2013-12-11,11:00,38
2013-12-11,12:00,41
2013-12-11,13:00,41
2013-12-11,14:00,43
2013-12-11,15:00,55
2013-12-11,16:00,71
2013-12-11,17:00,150
2013-12-11,18:00,95
2013-12-11,19:00,63
2013-12-11,1:00,77
2013-12-11,20:00,26
2013-12-11,21:00,21
2013-12-11,22:00,19
2013-12-11,23:00,1
2013-12-12,0:00,490
2013-12-12,10:00,32
2013-12-12,11:00,42
2013-12-12,12:00,37
2013-12-12,13:00,38
2013-12-12,14:00,35
2013-12-12,15:00,55
2013-12-12,16:00,80
2013-12-12,17:00,140
2013-12-12,18:00,109
2013-12-12,19:00,74
2013-12-12,1:00,112
2013-12-12,20:00,56
2013-12-12,21:00,21
2013-12-12,22:00,20
2013-12-12,23:00,3
2013-12-13,0:00,668
2013-12-13,10:00,45
2013-12-13,11:00,54
2013-12-13,12:00,72
2013-12-13,13:00,75
2013-12-13,14:00,67
2013-12-13,15:00,109
2013-12-13,16:00,135
2013-12-13,17:00,162
2013-12-13,18:00,120
2013-12-13,19:00,69
2013-12-13,1:00,108
2013-12-13,20:00,39
2013-12-13,21:00,39
2013-12-13,22:00,16
2013-12-13,23:00,1
2013-12-14,0:00,154
2013-12-14,10:00,21
2013-12-14,11:00,8
2013-12-14,12:00,11
2013-12-14,13:00,15
2013-12-14,14:00,10
2013-12-14,15:00,17
2013-12-14,16:00,19
2013-12-14,17:00,16
2013-12-14,18:00,19
2013-12-14,19:00,21
2013-12-14,1:00,48
2013-12-14,20:00,14
2013-12-14,21:00,14
2013-12-14,22:00,5
2013-12-15,0:00,207
2013-12-15,10:00,24
2013-12-15,11:00,24
2013-12-15,12:00,22
2013-12-15,13:00,38
2013-12-15,14:00,24
2013-12-15,15:00,33
2013-12-15,16:00,27
2013-12-15,17:00,10
2013-12-15,18:00,24
2013-12-15,19:00,19
2013-12-15,1:00,44
2013-12-15,20:00,7
2013-12-15,21:00,12
2013-12-15,22:00,16
2013-12-15,23:00,1
2013-12-16,0:00,436
2013-12-16,10:00,42
2013-12-16,11:00,49
2013-12-16,12:00,57
2013-12-16,13:00,51
2013-12-16,14:00,38
2013-12-16,15:00,67
2013-12-16,16:00,68
2013-12-16,17:00,98
2013-12-16,18:00,60
2013-12-16,19:00,43
2013-12-16,1:00,65
2013-12-16,20:00,28
2013-12-16,21:00,17
2013-12-16,22:00,11
2013-12-17,0:00,595
2013-12-17,10:00,26
2013-12-17,11:00,37
2013-12-17,12:00,39
2013-12-17,13:00,50
2013-12-17,14:00,39
2013-12-17,15:00,85
2013-12-17,16:00,130
2013-12-17,17:00,186
2013-12-17,18:00,146
2013-12-17,19:00,92
2013-12-17,1:00,127
2013-12-17,20:00,64
2013-12-17,21:00,31
2013-12-17,22:00,23
2013-12-17,23:00,3
2013-12-18,0:00,665
2013-12-18,10:00,47
2013-12-18,11:00,67
2013-12-18,12:00,87
2013-12-18,13:00,79
2013-12-18,14:00,60
2013-12-18,15:00,74
2013-12-18,16:00,116
2013-12-18,17:00,224
2013-12-18,18:00,147
2013-12-18,19:00,77
2013-12-18,1:00,139
2013-12-18,20:00,62
2013-12-18,21:00,42
2013-12-18,22:00,32
2013-12-18,23:00,8
2013-12-19,0:00,773
2013-12-19,10:00,69
2013-12-19,11:00,66
2013-12-19,12:00,91
2013-12-19,13:00,91
2013-12-19,14:00,73
2013-12-19,15:00,94
2013-12-19,16:00,133
2013-12-19,17:00,227
2013-12-19,18:00,179
2013-12-19,19:00,111
2013-12-19,1:00,123
2013-12-19,20:00,48
2013-12-19,21:00,31
2013-12-19,22:00,26
2013-12-19,23:00,2
2013-12-20,0:00,567
2013-12-20,10:00,46
2013-12-20,11:00,42
2013-12-20,12:00,57
2013-12-20,13:00,49
2013-12-20,14:00,65
2013-12-20,15:00,82
2013-12-20,16:00,120
2013-12-20,17:00,147
2013-12-20,18:00,106
2013-12-20,19:00,82
2013-12-20,1:00,123
2013-12-20,20:00,42
2013-12-20,21:00,25
2013-12-20,22:00,30
2013-12-20,23:00,3
2013-12-21,0:00,344
2013-12-21,10:00,56
2013-12-21,11:00,65
2013-12-21,12:00,62
2013-12-21,13:00,41
2013-12-21,14:00,51
2013-12-21,15:00,40
2013-12-21,16:00,37
2013-12-21,17:00,19
2013-12-21,18:00,18
2013-12-21,19:00,15
2013-12-21,1:00,49
2013-12-21,20:00,15
2013-12-21,21:00,12
2013-12-21,22:00,17
2013-12-21,23:00,2
2013-12-22,0:00,305
2013-12-22,10:00,18
2013-12-22,11:00,46
2013-12-22,12:00,57
2013-12-22,13:00,41
2013-12-22,14:00,38
2013-12-22,15:00,42
2013-12-22,16:00,41
2013-12-22,17:00,40
2013-12-22,18:00,41
2013-12-22,19:00,29
2013-12-22,1:00,63
2013-12-22,20:00,19
2013-12-22,21:00,18
2013-12-22,22:00,16
2013-12-22,23:00,2
2013-12-23,0:00,450
2013-12-23,10:00,40
2013-12-23,11:00,56
2013-12-23,12:00,51
2013-12-23,13:00,66
2013-12-23,14:00,56
2013-12-23,15:00,63
2013-12-23,16:00,83
2013-12-23,17:00,88
2013-12-23,18:00,47
2013-12-23,19:00,22
2013-12-23,1:00,47
2013-12-23,20:00,21
2013-12-23,21:00,10
2013-12-23,22:00,9
2013-12-24,0:00,193
2013-12-24,10:00,18
2013-12-24,11:00,20
2013-12-24,12:00,32
2013-12-24,13:00,33
2013-12-24,14:00,35
2013-12-24,15:00,29
2013-12-24,16:00,21
2013-12-24,17:00,18
2013-12-24,18:00,17
2013-12-24,19:00,10
2013-12-24,1:00,19
2013-12-24,20:00,7
2013-12-24,21:00,8
2013-12-24,22:00,8
2013-12-24,23:00,2
2013-12-25,0:00,79
2013-12-25,10:00,6
2013-12-25,11:00,7
2013-12-25,12:00,5
2013-12-25,13:00,9
2013-12-25,14:00,9
2013-12-25,15:00,9
2013-12-25,16:00,7
2013-12-25,17:00,5
2013-12-25,18:00,6
2013-12-25,19:00,4
2013-12-25,1:00,6
2013-12-25,20:00,2
2013-12-25,22:00,4
2013-12-26,0:00,353
2013-12-26,10:00,16
2013-12-26,11:00,22
2013-12-26,12:00,30
2013-12-26,13:00,45
2013-12-26,14:00,49
2013-12-26,15:00,49
2013-12-26,16:00,67
2013-12-26,17:00,80
2013-12-26,18:00,43
2013-12-26,19:00,40
2013-12-26,1:00,69
2013-12-26,20:00,24
2013-12-26,21:00,17
2013-12-26,22:00,18
2013-12-26,23:00,3
2013-12-27,0:00,657
2013-12-27,10:00,46
2013-12-27,11:00,59
2013-12-27,12:00,76
2013-12-27,13:00,69
2013-12-27,14:00,67
2013-12-27,15:00,116
2013-12-27,16:00,113
2013-12-27,17:00,134
2013-12-27,18:00,81
2013-12-27,19:00,63
2013-12-27,1:00,121
2013-12-27,20:00,43
2013-12-27,21:00,36
2013-12-27,22:00,37
2013-12-27,23:00,1
2013-12-28,0:00,811
2013-12-28,10:00,67
2013-12-28,11:00,101
2013-12-28,12:00,100
2013-12-28,13:00,137
2013-12-28,14:00,151
2013-12-28,15:00,137
2013-12-28,16:00,142
2013-12-28,17:00,107
2013-12-28,18:00,81
2013-12-28,19:00,45
2013-12-28,1:00,160
2013-12-28,20:00,59
2013-12-28,21:00,44
2013-12-28,22:00,34
2013-12-28,23:00,3
2013-12-29,0:00,293
2013-12-29,10:00,47
2013-12-29,11:00,41
2013-12-29,12:00,38
2013-12-29,13:00,28
2013-12-29,14:00,35
2013-12-29,15:00,33
2013-12-29,16:00,25
2013-12-29,17:00,22
2013-12-29,18:00,30
2013-12-29,19:00,28
2013-12-29,1:00,37
2013-12-29,20:00,13
2013-12-29,21:00,9
2013-12-29,22:00,11
2013-12-30,0:00,416
2013-12-30,10:00,26
2013-12-30,11:00,48
2013-12-30,12:00,40
2013-12-30,13:00,32
2013-12-30,14:00,34
2013-12-30,15:00,48
2013-12-30,16:00,69
2013-12-30,17:00,101
2013-12-30,18:00,75
2013-12-30,19:00,29
2013-12-30,1:00,49
2013-12-30,20:00,20
2013-12-30,21:00,16
2013-12-30,22:00,6
2013-12-31,0:00,224
2013-12-31,10:00,22
2013-12-31,11:00,28
2013-12-31,12:00,37
2013-12-31,13:00,43
2013-12-31,14:00,43
2013-12-31,15:00,35
2013-12-31,16:00,26
2013-12-31,17:00,11
2013-12-31,18:00,10
2013-12-31,19:00,7
2013-12-31,1:00,21
2013-12-31,20:00,5
2013-12-31,21:00,1
2013-12-31,22:00,6
